<?xml version="1.0" encoding="ISO-8859-1" ?>

<!DOCTYPE tiles-definitions PUBLIC
       "-//Apache Software Foundation//DTD Tiles Configuration 1.1//EN"
       "http://jakarta.apache.org/struts/dtds/tiles-config_1_1.dtd">

<tiles-definitions>

	<!-- Home tab pages definitions start -->
	<definition name=".caelmir.homePageDef" path="/pages/Layout.jsp">
		<put name="title" value="caElmir" />
		<put name="header" value="/pages/MainHeader.jsp" />
		<put name="applicationheader" value="/pages/ApplicationHeader.jsp" />
		<put name="commonmenu" value="/pages/subMenu/Common.jsp" />
		<put name="submenu" value="/pages/subMenu/Home.jsp" />
		<put name="mainmenu" value="/pages/mainMenu/Home.jsp" />
		<put name="content" value="/pages/content/home/Home.jsp" />
		<put name="applicationfooter" value="/pages/ApplicationFooter.jsp" />
		<put name="mainfooter" value="/pages/MainFooter.jsp" />
	</definition>
	
	<definition name=".caelmir.aboutPageDef" extends=".caelmir.homePageDef">
		<put name="content" value="/pages/content/common/About.jsp" />
	</definition>
	
	<definition name=".caelmir.detailsPageDef" extends=".caelmir.homePageDef">
		<put name="content" value="/pages/content/common/description.jsp" />
	</definition>
	
	<definition name=".caelmir.reportProblemDef" extends=".caelmir.homePageDef">
		<put name="content" value="/pages/content/common/ReportProblem.jsp" />
	</definition>

	<definition name=".caelmir.reportProblemSuccessDef" extends=".caelmir.homePageDef">
		<put name="content" value="/pages/content/common/success.jsp" />
	</definition>
	
	<definition name=".caelmir.accessPrivilegeMessage" extends=".caelmir.homePageDef">
		<put name="submenu" value="/pages/subMenu/AdminData.jsp" />
		<put name="mainmenu" value="/pages/mainMenu/Management.jsp" />
		<put name="content" value="/pages/content/common/success.jsp" />
	</definition>
	<definition name=".caelmir.accessPrivilegeMessageForAdmin" extends=".caelmir.homePageDef">
		<put name="submenu" value="/pages/subMenu/ManageAdminData.jsp" />
		<put name="mainmenu" value="/pages/mainMenu/ManageAdminData.jsp" />
		<put name="content" value="/pages/content/common/success.jsp"/>
	</definition>

	<definition name=".caelmir.createCollectionProtocol" extends=".caelmir.homePageDef">
		<put name="submenu" value="/pages/subMenu/AdminData.jsp" />
		<put name="mainmenu" value="/pages/mainMenu/Management.jsp" />		
		<put name="content" value="/pages/content/protocol/CollectionProtocol.jsp" />
	</definition>
	
	
	<definition name=".caelmir.forgotPasswordDef" extends=".caelmir.homePageDef">
		<put name="content" value="/pages/content/common/ForgotPassword.jsp" />
	</definition>

	<definition name=".caelmir.forgotPasswordSuccessDef" extends=".caelmir.homePageDef">
		<put name="content" value="/pages/content/common/success.jsp" />
	</definition>
	
	<definition name=".caelmir.configurationSuccessDef" extends=".caelmir.searchHomeDef">
		<put name="content" value="/pages/content/search/ConfigureResultView.jsp" />
	</definition>
	
	<definition name=".caelmir.userSignUpDef" extends=".caelmir.homePageDef">
		<put name="content" value="/pages/content/manageAdministrativeData/User.jsp" />
	</definition>
	
	<definition name=".caelmir.errorPageDef" extends=".caelmir.homePageDef">
		<put name="content" value="/pages/content/home/Error.jsp" />
	</definition>
	
	<definition name=".caelmir.error.details" extends=".caelmir.homePageDef">
		<put name="content" value="/pages/content/home/ErrorDetails.jsp" />
	</definition>
	
	<definition name=".caelmir.userProfileDef" extends=".caelmir.homePageDef">
		<put name="content" value="/pages/content/manageAdministrativeData/User.jsp" />
	</definition>
	
	<definition name=".caelmir.changePasswordDef" extends=".caelmir.homePageDef">
		<put name="content" value="/pages/content/home/ChangePassword.jsp" />
	</definition>
	
	
	<definition name=".caelmir.userProfileSuccessDef" extends=".caelmir.homePageDef">
		<put name="content" value="/pages/content/common/success.jsp" />
	</definition>
	
	<definition name=".caelmir.redirectToLoginPageDef" extends=".caelmir.queryDataViewDef">
		<put name="content" value="/pages/content/common/RedirectToLoginPage.jsp" />
	</definition>
	
	<definition name=".caelmir.contactUsDef" extends=".caelmir.homePageDef">
		<put name="content" value="/pages/content/common/ApplicationFooterTab.jsp" />
	</definition>
	
	<definition name=".caelmir.accessibilityDef" extends=".caelmir.homePageDef">
		<put name="content" value="/pages/content/common/ApplicationFooterTab.jsp" />
	</definition>
	
	<definition name=".caelmir.disclaimerDef" extends=".caelmir.homePageDef">
		<put name="content" value="/pages/content/common/ApplicationFooterTab.jsp" />
	</definition>
	
	<definition name=".caelmir.privacyNoticeDef" extends=".caelmir.homePageDef">
		<put name="content" value="/pages/content/common/ApplicationFooterTab.jsp" />
	</definition>
	
	<!-- Home tab pages definitions end -->

	<!-- Manage Administrative Data tab pages definitions start -->
	<definition name=".caelmir.manageAdminDataHomeDef" extends=".caelmir.homePageDef">
		<put name="submenu" value="/pages/subMenu/ManageAdminData.jsp" />
		<put name="mainmenu" value="/pages/mainMenu/ManageAdminData.jsp" />
		<put name="content" value="/pages/content/manageAdministrativeData/Home.jsp"/>
	</definition>
	
	<definition name=".caelmir.userDef" extends=".caelmir.manageAdminDataHomeDef">
		<put name="content" value="/pages/content/manageAdministrativeData/User.jsp" />
	</definition>
	
	<definition name=".caelmir.userAddSuccessDef" extends=".caelmir.manageAdminDataHomeDef">
		<put name="content" value="/pages/content/common/success.jsp" />
	</definition>
	
	<definition name=".caelmir.userEditSuccessDef" extends=".caelmir.manageAdminDataHomeDef">
		<put name="content" value="/pages/content/common/success.jsp" />
	</definition>

	<definition name=".caelmir.institutionDef" extends=".caelmir.manageAdminDataHomeDef">
		<put name="content" value="/pages/content/manageAdministrativeData/Institution.jsp" />
	</definition>

	<definition name=".caelmir.institutionAddSuccessDef" extends=".caelmir.manageAdminDataHomeDef">
		<put name="content" value="/pages/content/common/success.jsp" />
	</definition>

	<definition name=".caelmir.institutionEditSuccessDef" extends=".caelmir.manageAdminDataHomeDef">
		<put name="content" value="/pages/content/common/success.jsp" />
	</definition>

	<definition name=".caelmir.approveUserDef" extends=".caelmir.manageAdminDataHomeDef">
		<put name="content" value="/pages/content/manageAdministrativeData/ApproveUser.jsp" />
	</definition>

	<definition name=".caelmir.approveExpDataDef" extends=".caelmir.manageAdminDataDef">
		<put name="content" value="/pages/content/AdminData/ApproveExpData.jsp" />
	</definition>
		
	
	<definition name=".caelmir.userDetailsDef" extends=".caelmir.manageAdminDataHomeDef">
		<put name="content" value="/pages/content/manageAdministrativeData/UserDetails.jsp" />
	</definition>
	
	<definition name=".caelmir.reportedProblemDef" extends=".caelmir.manageAdminDataHomeDef">
		<put name="content" value="/pages/content/manageAdministrativeData/ReportedProblem.jsp" />
	</definition>
	<definition name=".caelmir.problemDetailsDef" extends=".caelmir.manageAdminDataHomeDef">
		<put name="content" value="/pages/content/manageAdministrativeData/ProblemDetails.jsp" />
	</definition>
	
	<definition name=".caelmir.userGroupDef" extends=".caelmir.manageAdminDataHomeDef">
		<put name="content" value="/pages/content/manageAdministrativeData/UserGroup.jsp" />
	</definition>
	
	<!-- Storage Type -->
	<definition name=".caelmir.storageTypeDef" extends=".caelmir.manageAdminDataHomeDef">
		<put name="content" value="/pages/content/manageAdministrativeData/StorageType.jsp" />
	</definition>

	<definition name=".caelmir.storageTypeAddSuccessDef" extends=".caelmir.manageAdminDataHomeDef">
		<put name="content" value="/pages/content/common/success.jsp" />
	</definition>

	<definition name=".caelmir.storageTypeEditSuccessDef" extends=".caelmir.manageAdminDataHomeDef">
		<put name="content" value="/pages/content/common/success.jsp" />
	</definition>
	<!-- Storage Type -->
	
	<!-- Storage Container -->
	<definition name=".caelmir.storageContainerDef" extends=".caelmir.manageAdminDataHomeDef">
		<put name="content" value="/pages/content/manageAdministrativeData/StorageContainer.jsp" />
	</definition>

	<definition name=".caelmir.storageContainerAddSuccessDef" extends=".caelmir.manageAdminDataHomeDef">
		<put name="content" value="/pages/content/common/success.jsp" />
	</definition>

	<definition name=".caelmir.storageContainerEditSuccessDef" extends=".caelmir.manageAdminDataHomeDef">
		<put name="content" value="/pages/content/common/success.jsp" />
	</definition>
	
	<definition name=".caelmir.departmentDef" extends=".caelmir.manageAdminDataHomeDef">
		<put name="content" value="/pages/content/manageAdministrativeData/Department.jsp" />
	</definition>

	<definition name=".caelmir.departmentAddSuccessDef" extends=".caelmir.manageAdminDataHomeDef">
		<put name="content" value="/pages/content/common/success.jsp" />
	</definition>

	<definition name=".caelmir.departmentEditSuccessDef" extends=".caelmir.manageAdminDataHomeDef">
		<put name="content" value="/pages/content/common/success.jsp" />
	</definition>

	<definition name=".caelmir.cancerResearchGroupDef" extends=".caelmir.manageAdminDataHomeDef">
		<put name="content" value="/pages/content/manageAdministrativeData/CancerResearchGroup.jsp" />
	</definition>

	<definition name=".caelmir.cancerResearchGroupAddSuccessDef" extends=".caelmir.manageAdminDataHomeDef">
		<put name="content" value="/pages/content/common/success.jsp" />
	</definition>

	<definition name=".caelmir.cancerResearchGroupEditSuccessDef" extends=".caelmir.manageAdminDataHomeDef">
		<put name="content" value="/pages/content/common/success.jsp" />
	</definition>

	<definition name=".caelmir.reportProblemEditDef" extends=".caelmir.manageAdminDataHomeDef">
		<put name="content" value="/pages/content/common/ReportProblem.jsp" />
	</definition>
	
	<definition name=".caelmir.editSearchPageDef" extends=".caelmir.manageAdminDataHomeDef">
		<put name="content" value="/pages/content/search/SimpleQueryInterface.jsp" />
	</definition>
	
	<!-- Added by Shital -->
	<definition name=".caelmir.editPageDef" extends=".caelmir.manageAdminDataHomeDef">
		<put name="content" value="/pages/content/search/SimpleQueryInterface.jsp" />
	</definition>	
	
	<definition name=".caelmir.editModelPageDef" extends=".caelmir.manageAdminDataHomeDef">
		<put name="content" value="/pages/content/search/SimpleQueryInterface.jsp" />
	</definition>
	
	<definition name=".caelmir.editExperimentPageDef" extends=".caelmir.manageAdminDataDef">
		<put name="content" value="/pages/content/search/SimpleQueryInterface.jsp" />
	</definition>	
	
	
	<definition name=".caelmir.editStudyPageDef" extends=".caelmir.manageAdminDataDef">
		<put name="content" value="/pages/content/search/SimpleQueryInterface.jsp" />
	</definition>
	
	
	<definition name=".caelmir.microArrayDef" extends=".caelmir.manageAdminDataDef">
		<put name="content" value="/pages/content/Microarray/Microarray.jsp" />
	</definition>
	
	
	<definition name=".caelmir.proteomicsPageDef" extends=".caelmir.manageAdminDataDef">
		<put name="content" value="/pages/content/Proteomics/Proteomics.jsp" />
	</definition>
	
	<definition name=".caelmir.casePageDef" extends=".caelmir.manageAdminDataDef">
		<put name="content" value="/pages/content/pathology/case.jsp" />
	</definition>
	
	<definition name=".caelmir.editCollectionProtocolPageDef" extends=".caelmir.manageAdminDataDef">
		<put name="content" value="/pages/content/search/SimpleQueryInterface.jsp" />
	</definition>
	
	
	<definition name=".caelmir.editAnimalPageDef" extends=".caelmir.manageAdminDataDef">
		<put name="content" value="/pages/content/search/SimpleQueryInterface.jsp" />
	</definition>
	
	
	
	<!-- Ended -->
	
	<!-- addded by shital -->
	<definition name=".caelmir.editCohortDef" extends=".caelmir.manageAdminDataDef">
		<put name="content" value="/pages/content/cohort/DefineCohort.jsp" />
	</definition>
	
	<definition name=".caelmir.editExperimentDef" extends=".caelmir.manageAdminDataDef">
		<put name="content" value="/pages/content/experiment/CreateExperiment.jsp" />
	</definition>
	
<!-- ended to view search of cohort -->
	
	<definition name=".caelmir.editSearchResultsFrameDef" extends=".caelmir.manageAdminDataHomeDef">
		<put name="content" value="/pages/content/manageAdministrativeData/DataViewFrame.jsp" />
	</definition>
	
	<definition name=".caelmir.queryDataViewDef" path="/pages/content/search/ContentLayout.jsp">
	</definition>
	
	<definition name=".caelmir.commonErrorDetailsDef" extends=".caelmir.queryDataViewDef">
		<put name="content" value="/pages/content/common/ErrorDetails.jsp" />
	</definition>
	
	<definition name=".caelmir.editSearchResultsDef" extends=".caelmir.manageAdminDataHomeDef">
		<put name="content" value="/pages/content/search/DataView.jsp" />
	</definition>
	
	<!-- Edit Cohort-->
	<definition name=".caelmir.editSearchCohortDef" extends=".caelmir.manageAdminDataDef">
		<put name="content" value="/pages/content/search/DataView.jsp" />
	</definition>
	
	<definition name=".caelmir.editSearchExperimentDef" extends=".caelmir.manageAdminDataDef">
		<put name="content" value="/pages/content/search/DataView.jsp" />
	</definition>
	
	<definition name=".caelmir.editCollectionProtocolDef" extends=".caelmir.manageAdminDataDef">
		<put name="content" value="/pages/content/search/DataView.jsp" />
	</definition>

	<definition name=".caelmir.editSearchStudyDef" extends=".caelmir.manageAdminDataDef">
		<put name="content" value="/pages/content/search/DataView.jsp" />
	</definition>
	
	<definition name=".caelmir.editGenotypePageDef" extends=".caelmir.manageAdminDataHomeDef">
		<put name="content" value="/pages/content/search/DataView.jsp" />
	</definition>
	
	<definition name=".caelmir.editSearchModelPageDef" extends=".caelmir.manageAdminDataHomeDef">
		<put name="content" value="/pages/content/search/DataView.jsp" />
	</definition>
	
	<definition name=".caelmir.editSearchAnimalDef" extends=".caelmir.manageAdminDataDef">
		<put name="content" value="/pages/content/search/DataView.jsp" />
	</definition>
			
	<definition name=".caelmir.searchHomeDef" extends=".caelmir.homePageDef">
		<put name="submenu" value="/pages/content/SubMenu/SearchSubMenu.jsp" />
		<put name="mainmenu" value="/pages/mainMenu/Search.jsp" />
		<put name="content" value="/pages/content/search/Home.jsp" />
	</definition>
	
	<definition name=".caelmir.searchAddSuccessDef" extends=".caelmir.searchHomeDef">
		<put name="content" value="/pages/content/common/success.jsp" />
	</definition>

	<definition name=".caelmir.simpleSearchResultsDef" extends=".caelmir.searchHomeDef">
		<put name="content" value="/pages/content/search/SimpleSearchDataView.jsp" />
	</definition>
	
	<definition name=".caelmir.simpleQueryInterfaceDef" extends=".caelmir.searchHomeDef">
		<put name="content" value="/pages/content/search/SimpleQueryInterface.jsp" />
	</definition>
	
	<definition name=".caelmir.advanceQueryDef" extends=".caelmir.queryDataViewDef">
		<put name="content" value="/pages/content/search/AdvanceQuery.jsp" />
	</definition>

	<definition name=".caelmir.queryResultsDef" extends=".caelmir.searchHomeDef">
		<put name="content" value="/pages/content/search/QueryResultsView.jsp" />
	</definition>

	<!-- Query edit pages definitions begin -->
	
	
	<definition name=".caelmir.storageLocationViewDef" extends=".caelmir.queryDataViewDef">
		<put name="content" value="/pages/content/manageAdministrativeData/StorageContainerLocationView.jsp" />
	</definition>
	
	
	<definition name=".caelmir.storageLocationGridViewDef" extends=".caelmir.queryDataViewDef">
		<put name="content" value="/pages/content/manageAdministrativeData/StorageContainerGridView.jsp" />
	</definition>
	
	
	
	
		
	<!-- ShoppingCart -->
	
	<!-- ShoppingCart -->
	
	<!-- ASSIGN PRIVILEGES -->
	<definition name=".caelmir.assignPrivilegesPageDef" extends=".caelmir.homePageDef">
		<put name="content" value="/pages/content/search/AssignPrivileges.jsp" />
	</definition>
	
	<definition name=".caelmir.assignPrivilegesDef" extends=".caelmir.homePageDef">
		<put name="content" value="/pages/content/common/success.jsp" />
	</definition>
	<!-- ASSIGN PRIVILEGES -->
	
		<!-- Summary tab pages definitions Begin -->
	<definition name=".caelmir.summaryHomeDef" extends=".caelmir.homePageDef">
		<put name="submenu" value="/pages/subMenu/Summary.jsp" />
		<put name="mainmenu" value="/pages/mainMenu/Summary.jsp" />
		<put name="content" value="/pages/content/summary/Home.jsp" />
	</definition>
	<!-- Summary tab pages definitions End -->
	
	<!-- Help tab pages definitions Begin -->
	<definition name=".caelmir.helpHomeDef" extends=".caelmir.homePageDef">
		<put name="submenu" value="/pages/subMenu/Help.jsp" />
		<put name="mainmenu" value="/pages/mainMenu/Help.jsp" />
		<put name="content" value="/pages/content/help/Home.jsp" />
	</definition>
	<!-- Help tab pages definitions End -->
	
	<!-- Summary tab pages definitions Begin -->
	<definition name=".caelmir.summaryLoggedInDef" extends=".caelmir.homePageDef">
		<put name="submenu" value="/pages/subMenu/Summary.jsp" />
		<put name="mainmenu" value="/pages/mainMenu/LoggedInSummary.jsp" />
		<put name="content" value="/pages/content/summary/Home.jsp" />
	</definition>
	<!-- Summary tab pages definitions End -->
	
	<!-- Help tab pages definitions Begin -->
	<definition name=".caelmir.helpLoggedInDef" extends=".caelmir.homePageDef">
		<put name="submenu" value="/pages/subMenu/Help.jsp" />
		<put name="mainmenu" value="/pages/mainMenu/LoggedInHelp.jsp" />
		<put name="content" value="/pages/content/help/Home.jsp" />
	</definition>
	<!-- Help tab pages definitions End -->
	
	
	<!-- ////////////////////////////////////////////////////////////////////////////////////////// 
	
	Caelmir
	-->
	
	<definition name=".caelmir.createExperimentDef" extends=".caelmir.homePageDef">
		<put name="content" value="/pages/content/experiment/CreateExperiment.jsp" />
		<put name="submenu" value="/pages/subMenu/AdminData.jsp" />
		<put name="mainmenu" value="/pages/mainMenu/Management.jsp" />
	</definition>
	
	<definition name=".caelmir.createGroupDef" extends=".caelmir.homePageDef">
		<put name="content" value="/pages/content/common/CreateGroup.jsp" />
	</definition>

	<definition name=".caelmir.createCohortDef" extends=".caelmir.homePageDef">
		<put name="content" value="/pages/content/cohort/DefineCohort.jsp" />
		<put name="submenu" value="/pages/subMenu/AdminData.jsp" />
		<put name="mainmenu" value="/pages/mainMenu/Management.jsp" />
	</definition>
	
	<definition name=".caelmir.manageAdminDataDef" extends=".caelmir.homePageDef">
		<put name="submenu" value="/pages/subMenu/AdminData.jsp" />
		<put name="mainmenu" value="/pages/mainMenu/Management.jsp" />
		<put name="content" value="/pages/content/AdminData/Home.jsp" />
	</definition>
	
	<definition name=".caelmir.SuccessDataDef" extends=".caelmir.homePageDef">
		<put name="submenu" value="/pages/subMenu/AdminData.jsp" />
		<put name="mainmenu" value="/pages/mainMenu/Management.jsp" />
		<put name="content" value="/pages/content/common/success.jsp" />
	</definition>
	
	<definition name=".caelmir.SuccessAdminDef" extends=".caelmir.homePageDef">
		<put name="submenu" value="/pages/subMenu/ManageAdminData.jsp" />
		<put name="mainmenu" value="/pages/mainMenu/ManageAdminData.jsp" />
		<put name="content" value="/pages/content/common/success.jsp" />
	</definition>
	
	<definition name=".caelmir.AdminDataSuccessDataDef" extends=".caelmir.homePageDef">
		<put name="submenu" value="/pages/subMenu/AdminData.jsp" />
		<put name="mainmenu" value="/pages/mainMenu/ManageAdminData.jsp" />
		<put name="content" value="/pages/content/common/success.jsp" />
	</definition>
	
	<definition name=".caelmir.animalDefPage" extends=".caelmir.homePageDef">
		<put name="submenu" value="/pages/subMenu/AdminData.jsp" />
		<put name="mainmenu" value="/pages/mainMenu/Management.jsp" />
		<put name="content" value="/pages/content/cohort/AddAnimal.jsp" />
	</definition>

	<definition name=".caelmir.searchDefPage" extends=".caelmir.homePageDef">
		<put name="submenu" value="/pages/subMenu/SearchSubMenu.jsp" />
		<put name="mainmenu" value="/pages/mainMenu/Search.jsp" />
		
	</definition>
	
	<!--Constants For Add Study Added By Sujay Begin-->
	<definition name=".caelmir.createStudy" extends=".caelmir.homePageDef">
		<put name="submenu" value="/pages/subMenu/AdminData.jsp" />
		<put name="mainmenu" value="/pages/mainMenu/Management.jsp" />		
		<put name="content" value="/pages/content/study/study.jsp" />
	</definition>
	
	<definition name=".caelmir.createCase" extends=".caelmir.homePageDef">
		<put name="content" value="/pages/content/pathology/case.jsp" />
		<put name="mainmenu" value="/pages/mainMenu/Management.jsp" />
		<put name="submenu" value="/pages/subMenu/AdminData.jsp" />	

	</definition>
	
	<definition name=".caelmir.createTissue" extends=".caelmir.homePageDef">
		<put name="content" value="/pages/content/pathology/tissue.jsp" />
	    <put name="mainmenu" value="/pages/mainMenu/Management.jsp" />
		<put name="submenu" value="/pages/subMenu/AdminData.jsp" />
	
	</definition>
	
	<definition name=".caelmir.createSlide" extends=".caelmir.homePageDef">
		<put name="content" value="/pages/content/pathology/slide.jsp" />
	    <put name="mainmenu" value="/pages/mainMenu/Management.jsp" />
		<put name="submenu" value="/pages/subMenu/AdminData.jsp" />
	
	</definition>	
	
	<definition name=".caelmir.addData" extends=".caelmir.homePageDef">
		<put name="content" value="/pages/content/AddData/AddData.jsp" />
	    <put name="mainmenu" value="/pages/mainMenu/Management.jsp" />
		<put name="submenu" value="/pages/subMenu/AdminData.jsp" />
	
	</definition>
	
	<definition name=".caelmir.experimentalDataSpreadsheetView" extends=".caelmir.homePageDef">
		<put name="content" value="/pages/content/AddData/experimentalDataSpreadsheetView.jsp" />
	    <put name="mainmenu" value="/pages/mainMenu/Management.jsp" />
		<put name="submenu" value="/pages/subMenu/AdminData.jsp" />
	
	</definition>

	
	<definition name=".caelmir.createMicroarray" extends=".caelmir.homePageDef">
		<put name="content" value="/pages/content/Microarray/Microarray.jsp" />
		<put name="submenu" value="/pages/subMenu/AdminData.jsp" />
		<put name="mainmenu" value="/pages/mainMenu/Management.jsp" />	

	</definition>
	
	<definition name=".caelmir.createProteomics" extends=".caelmir.homePageDef">
		<put name="content" value="/pages/content/Proteomics/Proteomics.jsp" />
		<put name="submenu" value="/pages/subMenu/AdminData.jsp" />
		<put name="mainmenu" value="/pages/mainMenu/Management.jsp" />	

	</definition>
	
	<!--Constants For Add Study Added By Sujay End-->
	
	<!--  view mode -->
	<definition name=".caelmir.viewAnimalDefPage" extends=".caelmir.searchDefPage">		
		<put name="content" value="/pages/content/cohort/AddAnimal.jsp" />
	</definition>
	
	<definition name=".caelmir.viewCase" extends=".caelmir.searchDefPage">		
		<put name="content" value="/pages/content/pathology/case.jsp" />
	</definition>
	
	<definition name=".caelmir.MicroarrayView" extends=".caelmir.searchDefPage">		
		<put name="content" value="/pages/content/Microarray/Microarray.jsp" />
	</definition>
	
	<definition name=".caelmir.ProteomicsView" extends=".caelmir.searchDefPage">		
		<put name="content" value="/pages/content/Proteomics/Proteomics.jsp" />
	</definition>
	
	<definition name=".caelmir.viewCohortDef" extends=".caelmir.searchDefPage">
		<put name="content" value="/pages/content/cohort/DefineCohort.jsp" />
	</definition>
	
	<definition name=".caelmir.viewExperimentDef" extends=".caelmir.searchDefPage">
		<put name="content" value="/pages/content/experiment/CreateExperiment.jsp" />		
	</definition>
	<definition name=".caelmir.viewInstitutionDef" extends=".caelmir.searchDefPage">
		<put name="content" value="/pages/content/manageAdministrativeData/Institution.jsp" />
	</definition>
	<definition name=".caelmir.viewStudy" extends=".caelmir.searchDefPage">			
		<put name="content" value="/pages/content/study/study.jsp" />
	</definition>
	
	
	<definition name=".caelmir.viewTissue" extends=".caelmir.searchDefPage">			
		<put name="content" value="/pages/content/pathology/tissue.jsp" />
	</definition>
	
	<definition name=".caelmir.viewSlide" extends=".caelmir.searchDefPage">			
		<put name="content" value="/pages/content/pathology/slide.jsp" />
	</definition>
	
	
	<definition name=".caelmir.viewCollectionProtocol" extends=".caelmir.searchDefPage">			
		<put name="content" value="/pages/content/protocol/CollectionProtocol.jsp" />
	</definition>
	
	<definition name=".caelmir.viewUserDef" extends=".caelmir.searchDefPage">
		<put name="content" value="/pages/content/manageAdministrativeData/User.jsp" />
	</definition>
	<definition name=".caelmir.viewUserGroupDef" extends=".caelmir.searchDefPage">
		<put name="content" value="/pages/content/manageAdministrativeData/UserGroup.jsp" />
	</definition>
	
	<!--  End Of view mode -->
	
	<definition name=".caelmir.popupMainPagDef" path="/pages/exception/mainPage.jsp">
	       <put name="header" value="/pages/exception/header.jsp" />
	       <put name="content" value="/pages/exception/blank.jsp" />
	</definition>
	
	<definition name=".caelmir.popupActionTabPagDef1" path="/pages/exception/mainPage.jsp">
	       <put name="header"  value="/pages/exception/header1.jsp" />
	       <put name="content" value="/pages/content/common/Popup.jsp" />
	</definition>
	
	<definition name=".caelmir.popupActionTabPagDef2" path="/pages/exception/mainPage.jsp">
	       <put name="header" value="/pages/exception/header2.jsp" />
	       <put name="content" value="/pages/content/common/Popup.jsp" />
	</definition>

		
	<definition name=".caelmir.popupExceptionPageDef" path="/pages/exception/mainPage.jsp">
	       <put name="header" value="/pages/content/home/PopupError.jsp" />
	       <put name="content" value="/pages/exception/blank.jsp" />
	</definition>

	<definition name=".caelmir.GenotypePageDef" extends=".caelmir.manageAdminDataHomeDef">
		  <put name="content" value="/pages/content/manageAdministrativeData/Genotype.jsp" />
	</definition>
	
	<definition name=".caelmir.ModelPageDef" extends=".caelmir.manageAdminDataHomeDef">
		  <put name="content" value="/pages/content/manageAdministrativeData/Model.jsp" />
	</definition>
	
	<definition name=".caelmir.ImageTypePageDef" extends=".caelmir.manageAdminDataHomeDef">
		  <put name="content" value="/pages/content/manageAdministrativeData/ImageType.jsp" />
	</definition>
	
	<definition name=".caelmir.GenusPageDef" extends=".caelmir.manageAdminDataHomeDef">
		<put name="content" value="/pages/content/manageAdministrativeData/Genus.jsp" />
	</definition>
	
	<definition name=".caelmir.viewGenusDef" extends=".caelmir.searchDefPage">
		<put name="content" value="/pages/content/manageAdministrativeData/Genus.jsp" />
	</definition>
	
	<definition name=".caelmir.SpeciesPageDef" extends=".caelmir.manageAdminDataHomeDef">
		<put name="content" value="/pages/content/manageAdministrativeData/Species.jsp" />
	</definition>
	
	<definition name=".caelmir.viewSpeciesDef" extends=".caelmir.searchDefPage">
		<put name="content" value="/pages/content/manageAdministrativeData/Species.jsp" />
	</definition>
	
	<definition name=".caelmir.EventRecordsPageDef" extends=".caelmir.manageAdminDataHomeDef">
		<put name="content" value="/pages/content/manageAdministrativeData/EventRecords.jsp" />
	</definition>
	
	<definition name=".caelmir.ContainerPageDef" extends=".caelmir.manageAdminDataHomeDef">
		<put name="content" value="/pages/content/manageAdministrativeData/Container.jsp" />
	</definition>
	
</tiles-definitions>
