<?xml version='1.0' encoding='utf-8'?>
<!DOCTYPE hibernate-configuration PUBLIC
    "-//Hibernate/Hibernate Configuration DTD//EN"
    "http://hibernate.sourceforge.net/hibernate-configuration-2.0.dtd">

<hibernate-configuration>
	
    <session-factory>
    	<property name="show_sql">true</property>
    	<property name="connection.datasource">java:/cawebeav</property>
    	<property name="hibernate.transaction.factory_class">net.sf.hibernate.transaction.JDBCTransactionFactory</property>
    	<property name="transaction.manager_lookup_class">net.sf.hibernate.transaction.JBossTransactionManagerLookup</property>
    	
<!-- oracle settings-->   
<!--	    <property name="dialect">net.sf.hibernate.dialect.Oracle9Dialect</property>	
        <property name="hibernate.connection.driver_class">oracle.jdbc.driver.OracleDriver</property>
-->      
<!-- oracle settings end-->  

<!-- My sql settings -->
<!-- 
       	<property name="dialect">net.sf.hibernate.dialect.MySQLDialect</property>	
        <property name="hibernate.connection.driver_class">com.mysql.jdbc.Driver</property>
-->  
<!-- My sql settings end -->   


<!-- PostGreSQL settings -->

       	<property name="dialect">net.sf.hibernate.dialect.PostgreSQLDialect</property>	
        <property name="hibernate.connection.driver_class">org.postgresql.Driver</property>

<!-- PostGreSQL settings  end-->


        <!-- List of all Mapping files -->
        
 		<mapping resource="edu/common/dynamicextensions/hbm/AbstractMetadata.hbm.xml"/>
        <mapping resource="edu/common/dynamicextensions/hbm/PermissibleValue.hbm.xml"/>
        <mapping resource="edu/common/dynamicextensions/hbm/Role.hbm.xml"/>
        <mapping resource="edu/common/dynamicextensions/hbm/SemanticProperty.hbm.xml"/>
        <mapping resource="edu/common/dynamicextensions/hbm/DataElement.hbm.xml"/>
		<mapping resource="edu/common/dynamicextensions/hbm/TaggedValue.hbm.xml"/>
		<mapping resource="edu/common/dynamicextensions/hbm/AttributeTypeInformation.hbm.xml"/>
		<mapping resource="edu/common/dynamicextensions/hbm/EntityManagerHQL.hbm.xml"/>
        <mapping resource="edu/common/dynamicextensions/hbm/AttributeRecord.hbm.xml"/>
	    <mapping resource="edu/common/dynamicextensions/hbm/CollectionAttributeRecordValue.hbm.xml"/>
        <mapping resource="edu/common/dynamicextensions/hbm/FileAttributeRecordValue.hbm.xml"/>
        <mapping resource="edu/common/dynamicextensions/hbm/FileExtension.hbm.xml"/>
        <mapping resource="edu/common/dynamicextensions/hbm/AssociationDisplayAttribute.hbm.xml"/>
        <mapping resource="edu/common/dynamicextensions/hbm/databaseproperties/DatabaseProperties.hbm.xml"/>
        <mapping resource="edu/common/dynamicextensions/hbm/userinterface/Container.hbm.xml"/>
        <mapping resource="edu/common/dynamicextensions/hbm/userinterface/Control.hbm.xml"/>
        <mapping resource="edu/common/dynamicextensions/hbm/userinterface/View.hbm.xml"/>
                        
        <mapping resource="edu/common/dynamicextensions/hbm/validationrules/Rule.hbm.xml"/>
        <mapping resource="edu/common/dynamicextensions/hbm/validationrules/RuleParameter.hbm.xml"/>
    </session-factory>
    
</hibernate-configuration>