<?xml version='1.0' encoding='UTF-8'?>
<!DOCTYPE hibernate-configuration PUBLIC
          "-//Hibernate/Hibernate Configuration DTD 2.0//EN"
          "http://hibernate.sourceforge.net/hibernate-configuration-2.0.dtd">
<hibernate-configuration>
    <session-factory>
        <!-- properties  -->
        <property name="connection.datasource">java:/caelmir</property>
        <property name="hibernate.show_sql">false</property>
        <property name="dialect">@@dialect@@</property>	
        <property name="hibernate.transaction.factory_class">net.sf.hibernate.transaction.JTATransactionFactory</property>
		<property name="transaction.manager_lookup_class">net.sf.hibernate.transaction.JBossTransactionManagerLookup</property>

        <mapping resource="gov/nih/nci/security/authorization/domainobjects/Privilege.hbm.xml"/>
        <mapping resource="gov/nih/nci/security/authorization/domainobjects/Application.hbm.xml"/>
        <mapping resource="gov/nih/nci/security/authorization/domainobjects/Role.hbm.xml"/>
        <mapping resource="gov/nih/nci/security/dao/hibernate/RolePrivilege.hbm.xml"/>
        <mapping resource="gov/nih/nci/security/dao/hibernate/UserGroup.hbm.xml"/>
        <mapping resource="gov/nih/nci/security/dao/hibernate/ProtectionGroupProtectionElement.hbm.xml"/>     
        <mapping resource="gov/nih/nci/security/authorization/domainobjects/Group.hbm.xml"/>
        <mapping resource="gov/nih/nci/security/authorization/domainobjects/User.hbm.xml"/>
        <mapping resource="gov/nih/nci/security/authorization/domainobjects/ProtectionGroup.hbm.xml"/>
        <mapping resource="gov/nih/nci/security/authorization/domainobjects/ProtectionElement.hbm.xml"/>
        <mapping resource="gov/nih/nci/security/authorization/domainobjects/UserGroupRoleProtectionGroup.hbm.xml"/>
        <mapping resource="gov/nih/nci/security/authorization/domainobjects/UserProtectionElement.hbm.xml"/>
    </session-factory>
</hibernate-configuration>