<?xml version="1.0"?>
<information>
<modelInformation>
<entry value="61" name="BXH-2" />
<entry value="1436" name="TRAMP" />
<entry value="1456" name="MMTV-int2" />
<entry value="1461" name="H19 enhancers - Igf2" />
<entry value="1463" name="C3(1)/SV40 Tag" />
<entry value="1469" name="WAP-p53 172R-H treated with DMBA" />
<entry value="1471" name="WAP-p53 172R-H x WAP-TGF alpha" />
<entry value="1473" name="WAP-p53 172R-H x WAP-des-IGF-1" />
<entry value="1474" name="MMTV-c-erb-B2 x WAP-p53 172R-H" />
<entry value="1482" name="BLG-IGF II" />
<entry value="1483" name="MMTV-TGF alpha" />
<entry value="1484" name="MMTV-TGF alpha (transgenic rats)" />
<entry value="1485" name="MT-TGF alpha (transgenic mice)" />
<entry value="1486" name="MMTV - NDF/heregulin" />
<entry value="1487" name="MMTV-KGF (FGF7) Keratinocyte growth factor" />
<entry value="1489" name="Mt-Tpr-Met" />
<entry value="1490" name="MMTV-ret (transgenic mice)" />
<entry value="1491" name="MMTV-c-neu (activated) transgenic mice" />
<entry value="1494" name="MMTV-TGF beta - DNIIR" />
<entry value="1495" name="MMTV-vH-ras" />
<entry value="1496" name="MMTV-PyT (transgenic mice)" />
<entry value="1497" name="mdm2 +/-" />
<entry value="1498" name="WAP-SV40/TAg  x  WAP-Bcl-2" />
<entry value="1501" name="WAP-SV40TAg" />
<entry value="1502" name="MMTV-c-myc" />
<entry value="1503" name="Ntv-a; RCAS-Ras + RCAS-Akt" />
<entry value="1504" name="SV11" />
<entry value="1506" name="Wnt 1 transgenics  x  p53 +/-" />
<entry value="1507" name="Wnt 1 transgenics  x  p53 -/-" />
<entry value="1508" name="Wnt 1 transgenics  x  p53 +/+" />
<entry value="1515" name="TdN/4111" />
<entry value="1543" name="HGF/SF transgenic mouse" />
<entry value="1586" name="TGF-beta-1 knockout" />
<entry value="1621" name="epiregulin knockout" />
<entry value="1625" name="12T-10 (LPB-Tag)" />
<entry value="1626" name="12T-7s" />
<entry value="1628" name="K-ras LA2" />
<entry value="1629" name="p53+/-" />
<entry value="1630" name="Tyrosinase RAS Transgenic" />
<entry value="1631" name="RAS-induced INK4a/ARF+/- melanoma model" />
<entry value="1632" name="RAS induced INK4a/ARF-/- melanoma model" />
<entry value="1633" name="p16 Ink4a Knockout" />
<entry value="1634" name="p16Ink4a knockout with DMBA" />
<entry value="1635" name="p16Ink4a knockout with urethane" />
<entry value="1636" name="Ink4a/Arf knockout" />
<entry value="1637" name="Ink4a/Arf Knockout with DMBA" />
<entry value="1638" name="RAS-induced p53 mutant melanoma model" />
<entry value="1639" name="Inducible RAS melanoma model on INK4a/ARF            mutant background" />
<entry value="1640" name="Apc1638N +/-" />
<entry value="1641" name="Apc1638N -/-" />
<entry value="1642" name="Mlh1 deficient" />
<entry value="1643" name="Apc1638T" />
<entry value="1644" name="Mlh1/Apc1638N" />
<entry value="1645" name="Msh6 deficient" />
<entry value="1646" name="Msh3" />
<entry value="1647" name="Msh3 -/- and Msh6 -/-" />
<entry value="1648" name="mdm2-/-" />
<entry value="1649" name="mdm2-/- p53-/-" />
<entry value="1650" name="p53R172Hdeltag" />
<entry value="1651" name="K-ras LA1" />
<entry value="1652" name="Nkx3.1 mutant mice" />
<entry value="1659" name="K-ras LA1/p53+/-" />
<entry value="1660" name="K-ras LA1/p53-/-" />
<entry value="1666" name="Bloom homolog null" />
<entry value="1668" name="RIP1-Tag2" />
<entry value="1670" name="TH-MYCN transgenic model for neuroblastoma" />
<entry value="1671" name="S100beta-v-erbB model for glioma" />
<entry value="1672" name="Myeloid Leukemia in Nf1 Mice" />
<entry value="1673" name="Alkylator-Induced Leukemia in Nf1 Mice" />
<entry value="1674" name="K14-HPV16 transgenic mice cervical cancer" />
<entry value="1675" name="MRP8-PMLRARA Transgenic Mouse" />
<entry value="1676" name="K5-ras" />
<entry value="1677" name="Msh2 null" />
<entry value="1678" name="Ahr null" />
<entry value="1679" name="BRCA1 conditional KO" />
<entry value="1681" name="Apc1638N/CEA" />
<entry value="1698" name="BALB/c p53 null transplant" />
<entry value="1725" name="ACI rat model of estradiol induced mammary cancer" />
<entry value="1741" name="Min mice" />
<entry value="1742" name="Min mice-ENU treated" />
<entry value="1743" name="Albumin-SV40 Tag" />
<entry value="1748" name="hCG-PML-RARa x PML -/-" />
<entry value="1749" name="PLZF-RARalpha x PLZF -/-" />
<entry value="1750" name="PLZF-RARalpha x  RARalpha-PLZF" />
<entry value="1751" name="RARalpha - PLZF" />
<entry value="1754" name="PML-RARalpha" />
<entry value="1755" name="PLZF-RARalpha" />
<entry value="1759" name="Pten -/-" />
<entry value="1767" name="MTA-induced oligoastrocytoma" />
<entry value="1782" name="BALB/c p53 null transplant-pituitary isograft" />
<entry value="1783" name="Human Melanoma Model" />
<entry value="1800" name="ARF-/-Emu-myc" />
<entry value="1801" name="ARF+/-Emu-myc" />
<entry value="1866" name="MMTV/PyVT" />
<entry value="1882" name="Msh2 knockout" />
<entry value="1892" name="PTH-cyclin D1" />
<entry value="1899" name="MRP8-PMLRARA Transgenic Mouse/Activated FLT3 Retrovirus" />
<entry value="1902" name="Hoxa9 Myeloid Leukemia" />
<entry value="1907" name="BCR-ABL Retrovirus (contributed by Rick van Etten)" />
<entry value="1910" name="UPII/SV40Tag  transgenics" />
<entry value="1923" name="1111-test" />
<entry value="1925" name="Smad4-Sad" />
<entry value="1927" name="mUPII/Ha-ras-M" />
<entry value="1951" name="Orthotopic Pancreatic Cancer Model" />
</modelInformation>

<mainStrain>
<entry value="1" name="129" />
<entry value="2" name="AKR" />
<entry value="3" name="C57BL" />
<entry value="4" name="C57BL/6" />
<entry value="5" name="C57BL/10" />
<entry value="6" name="C57BR/CD" />
<entry value="7" name="BALB/c" />
<entry value="8" name="C3H" />
<entry value="9" name="CBA" />
<entry value="10" name="DBA/1" />
<entry value="11" name="DBA/2" />
<entry value="12" name="HRS/J" />
<entry value="13" name="C57L/J" />
<entry value="14" name="RIIIS/J" />
<entry value="15" name="SJL" />
<entry value="16" name="SWR" />
</mainStrain>

<genotype>
<entry value="genotype1" name="genotype1" />
<entry value="genotype2" name="genotype2" />
<entry value="genotype3" name="genotype3" />
<entry value="genotype4" name="genotype4" />
</genotype>

<actualStrain>
<entry value="actualStrain1" name="actualStrain1" />
<entry value="actualStrain2" name="actualStrain2" />
<entry value="actualStrain3" name="actualStrain3" />
<entry value="actualStrain4" name="actualStrain4" />

</actualStrain>

</information>