<?xml version="1.0"?>

<!DOCTYPE hibernate-mapping PUBLIC
    "-//Hibernate/Hibernate Mapping DTD 2.0//EN" 
    "http://hibernate.sourceforge.net/hibernate-mapping-2.0.dtd">

<hibernate-mapping>
    <class
        name="edu.ucdavis.caelmir.domain.eventRecords.Tissue"
        table="CAELMIR_TISSUE"
        dynamic-update="false"
        dynamic-insert="false"
    >

        <id
            name="id"
            column="IDENTIFIER"
            type="long"
            length="30"
            unsaved-value="null"
        >
            <generator class="native">
                <param name="sequence">CAELMIR_TISSUE_SEQ</param>
            </generator>
        </id>

        <property
            name="tissueLongName"
            type="string"
            update="true"
            insert="true"
            column="TISSUE_LONG_NAME"
            length="100"
        />

        <property
            name="tissueShortName"
            type="string"
            update="true"
            insert="true"
            column="TISSUE_SHORT_NAME"
            length="50"
        />

        <property
            name="createdDate"
            type="date"
            update="true"
            insert="true"
            column="CREATED_DATE"
        />

        <property
            name="activityStatus"
            type="string"
            update="true"
            insert="true"
            column="ACTIVITY_STATUS"
            length="50"
        />

        <many-to-one
            name="creator"
            class="edu.ucdavis.caelmir.domain.common.User"
            cascade="none"
            outer-join="auto"
            update="true"
            insert="true"
            column="USER_ID"
        />

        <set
            name="slideCollection"
            table="CAELMIR_SLIDE"
            lazy="false"
            inverse="true"
            cascade="save-update"
            sort="unsorted"
        >

              <key
                  column="TISSUE_ID"
              />

              <one-to-many
                  class="edu.ucdavis.caelmir.domain.eventRecords.Slide"
              />
        </set>

        <set
            name="imageCollection"
            lazy="false"
            inverse="false"
            cascade="save-update"
            sort="unsorted"
        >

              <key
                  column="TISSUE_ID"
              />

              <one-to-many
                  class="edu.ucdavis.caelmir.domain.eventRecords.Image"
              />
        </set>

        <many-to-one
            name="pathologyEventRecords"
            class="edu.ucdavis.caelmir.domain.eventRecords.PathologyEventRecords"
            cascade="none"
            outer-join="auto"
            update="true"
            insert="true"
            column="CASE_ID"
        />

        <!--
            To add non XDoclet property mappings, create a file named
                hibernate-properties-Tissue.xml
            containing the additional properties and place it in your merge dir.
        -->

    </class>

</hibernate-mapping>
