<?xml version='1.0' encoding='utf-8' ?>
<XMLCDE_CACHE refreshTime="5" lazyLoading="true">
	<XMLCDE cache="true" lazyLoading="false">
		<name>Tissue Site</name>
		<publicId>Tissue_Site_PID</publicId>
		<XMLPermissibleValues>
			<evsTerminology>NCI-THESAURAUS</evsTerminology>
			<conceptCode>PV</conceptCode> 
			<parentConceptCode></parentConceptCode>
			<depthOfHierarchyTree>6</depthOfHierarchyTree> 
		</XMLPermissibleValues>
	</XMLCDE>
	
	<XMLCDE cache="true" lazyLoading="false">
		<name>Clinical Status</name>
		<publicId>2003988</publicId>
		<XMLPermissibleValues>
			<evsTerminology>NCI-THESAURAUS</evsTerminology>
			<conceptCode>PV</conceptCode> 
			<parentConceptCode></parentConceptCode>
			<depthOfHierarchyTree>6</depthOfHierarchyTree> 
		</XMLPermissibleValues>
	</XMLCDE>
	
	<XMLCDE cache="true" lazyLoading="false">
		<name>Gender</name>
		<publicId>2003989</publicId>
		<XMLPermissibleValues>
			<evsTerminology>NCI-THESAURAUS</evsTerminology>
			<conceptCode>PV</conceptCode> 
			<parentConceptCode></parentConceptCode>
			<depthOfHierarchyTree>6</depthOfHierarchyTree> 
		</XMLPermissibleValues>
	</XMLCDE>
	
	<XMLCDE cache="true" lazyLoading="false">
		<name>Genotype</name>
		<publicId>2003990</publicId>
		<XMLPermissibleValues>
			<evsTerminology>NCI-THESAURAUS</evsTerminology>
			<conceptCode>PV</conceptCode> 
			<parentConceptCode></parentConceptCode>
			<depthOfHierarchyTree>6</depthOfHierarchyTree> 
		</XMLPermissibleValues>
	</XMLCDE>
	
	<XMLCDE cache="true" lazyLoading="false">
		<name>Specimen</name>
		<publicId>2003991</publicId>
		<XMLPermissibleValues>
			<evsTerminology>NCI-THESAURAUS</evsTerminology>
			<conceptCode>PV</conceptCode> 
			<parentConceptCode></parentConceptCode>
			<depthOfHierarchyTree>6</depthOfHierarchyTree> 
		</XMLPermissibleValues>
	</XMLCDE>
	
	<XMLCDE cache="true" lazyLoading="false">
		<name>Tissue Side</name>
		<publicId>2003992</publicId>
		<XMLPermissibleValues>
			<evsTerminology>NCI-THESAURAUS</evsTerminology>
			<conceptCode>PV</conceptCode> 
			<parentConceptCode></parentConceptCode>
			<depthOfHierarchyTree>6</depthOfHierarchyTree> 
		</XMLPermissibleValues>
	</XMLCDE>
	
	<XMLCDE cache="true" lazyLoading="false">
		<name>Pathological Status</name>
		<publicId>2003993</publicId>
		<XMLPermissibleValues>
			<evsTerminology>NCI-THESAURAUS</evsTerminology>
			<conceptCode>PV</conceptCode> 
			<parentConceptCode></parentConceptCode>
			<depthOfHierarchyTree>6</depthOfHierarchyTree> 
		</XMLPermissibleValues>
	</XMLCDE>
	
	<XMLCDE cache="true" lazyLoading="false">
		<name>Received Quality</name>
		<publicId>2003994</publicId>
		<XMLPermissibleValues>
			<evsTerminology>NCI-THESAURAUS</evsTerminology>
			<conceptCode>PV</conceptCode> 
			<parentConceptCode></parentConceptCode>
			<depthOfHierarchyTree>6</depthOfHierarchyTree> 
		</XMLPermissibleValues>
	</XMLCDE>
	
	<XMLCDE cache="true" lazyLoading="false">
		<name>Fixation Type</name>
		<publicId>2003995</publicId>
		<XMLPermissibleValues>
			<evsTerminology>NCI-THESAURAUS</evsTerminology>
			<conceptCode>PV</conceptCode> 
			<parentConceptCode></parentConceptCode>
			<depthOfHierarchyTree>6</depthOfHierarchyTree> 
		</XMLPermissibleValues>
	</XMLCDE>
	
	<XMLCDE cache="true" lazyLoading="false">
		<name>Collection Procedure</name>
		<publicId>2003996</publicId>
		<XMLPermissibleValues>
			<evsTerminology>NCI-THESAURAUS</evsTerminology>
			<conceptCode>PV</conceptCode> 
			<parentConceptCode></parentConceptCode>
			<depthOfHierarchyTree>6</depthOfHierarchyTree> 
		</XMLPermissibleValues>
	</XMLCDE>
	
	<XMLCDE cache="true" lazyLoading="false">
		<name>Container</name>
		<publicId>2003997</publicId>
		<XMLPermissibleValues>
			<evsTerminology>NCI-THESAURAUS</evsTerminology>
			<conceptCode>PV</conceptCode> 
			<parentConceptCode></parentConceptCode>
			<depthOfHierarchyTree>6</depthOfHierarchyTree> 
		</XMLPermissibleValues>
	</XMLCDE>
	
	<XMLCDE cache="true" lazyLoading="false">
		<name>Method</name>
		<publicId>2003998</publicId>
		<XMLPermissibleValues>
			<evsTerminology>NCI-THESAURAUS</evsTerminology>
			<conceptCode>PV</conceptCode> 
			<parentConceptCode></parentConceptCode>
			<depthOfHierarchyTree>6</depthOfHierarchyTree> 
		</XMLPermissibleValues>
	</XMLCDE>
	
	<XMLCDE cache="true" lazyLoading="false">
		<name>Embedding Medium</name>
		<publicId>2003999</publicId>
		<XMLPermissibleValues>
			<evsTerminology>NCI-THESAURAUS</evsTerminology>
			<conceptCode>PV</conceptCode> 
			<parentConceptCode></parentConceptCode>
			<depthOfHierarchyTree>6</depthOfHierarchyTree> 
		</XMLPermissibleValues>
	</XMLCDE>
	
	<XMLCDE cache="true" lazyLoading="false">
		<name>Biohazard</name>
		<publicId>2004000</publicId>
		<XMLPermissibleValues>
			<evsTerminology>NCI-THESAURAUS</evsTerminology>
			<conceptCode>PV</conceptCode> 
			<parentConceptCode></parentConceptCode>
			<depthOfHierarchyTree>6</depthOfHierarchyTree> 
		</XMLPermissibleValues>
	</XMLCDE>

	<XMLCDE cache="true" lazyLoading="false">
		<name>Site Type</name>
		<publicId>Site_Type_PID</publicId>
		<XMLPermissibleValues>
			<evsTerminology>NCI-THESAURAUS</evsTerminology>
			<conceptCode>PV</conceptCode> 
			<parentConceptCode></parentConceptCode>
			<depthOfHierarchyTree>6</depthOfHierarchyTree> 
		</XMLPermissibleValues>
	</XMLCDE>
	
	<XMLCDE cache="true" lazyLoading="false">
		<name>Specimen Type</name>
		<publicId>Specimen_Type_PID</publicId>
		<XMLPermissibleValues>
			<evsTerminology>NCI-THESAURAUS</evsTerminology>
			<conceptCode>PV</conceptCode> 
			<parentConceptCode></parentConceptCode>
			<depthOfHierarchyTree>6</depthOfHierarchyTree> 
		</XMLPermissibleValues>
	</XMLCDE>
	
	<XMLCDE cache="true" lazyLoading="false">
		<name>Ethnicity</name>
		<publicId>Ethnicity_PID</publicId>
		<XMLPermissibleValues>
			<evsTerminology>NCI-THESAURAUS</evsTerminology>
			<conceptCode>PV</conceptCode> 
			<parentConceptCode></parentConceptCode>
			<depthOfHierarchyTree>6</depthOfHierarchyTree> 
		</XMLPermissibleValues>
	</XMLCDE>
	
	<XMLCDE cache="true" lazyLoading="false">
		<name>Race</name>
		<publicId>Race_PID</publicId>
		<XMLPermissibleValues>
			<evsTerminology>NCI-THESAURAUS</evsTerminology>
			<conceptCode>PV</conceptCode>
			<parentConceptCode></parentConceptCode>
			<depthOfHierarchyTree>6</depthOfHierarchyTree> 
		</XMLPermissibleValues>
	</XMLCDE>
	
	<XMLCDE cache="true" lazyLoading="false">
		<name>Clinical Diagnosis</name>
		<publicId>Clinical_Diagnosis_PID</publicId>
		<XMLPermissibleValues>
			<evsTerminology>NCI-THESAURAUS</evsTerminology>
			<conceptCode>PV</conceptCode>
			<parentConceptCode></parentConceptCode>
			<depthOfHierarchyTree>6</depthOfHierarchyTree> 
		</XMLPermissibleValues>
	</XMLCDE>
	
	<XMLCDE cache="true" lazyLoading="false">
		<name>States</name>
		<publicId>2004200</publicId>
		<XMLPermissibleValues>
			<evsTerminology>NCI-THESAURAUS</evsTerminology>
			<conceptCode>PV</conceptCode> 
			<parentConceptCode></parentConceptCode>
			<depthOfHierarchyTree>6</depthOfHierarchyTree> 
		</XMLPermissibleValues>
	</XMLCDE>
	
	<XMLCDE cache="true" lazyLoading="false">
		<name>Countries</name>
		<publicId>2004100</publicId>
		<XMLPermissibleValues>
			<evsTerminology>NCI-THESAURAUS</evsTerminology>
			<conceptCode>PV</conceptCode> 
			<parentConceptCode></parentConceptCode>
			<depthOfHierarchyTree>6</depthOfHierarchyTree>
		</XMLPermissibleValues>
	</XMLCDE>
	
	<XMLCDE cache="true" lazyLoading="false">
		<name>model</name>
		<publicId>2004101</publicId>
		<XMLPermissibleValues>
			<evsTerminology>NCI-THESAURAUS</evsTerminology>
			<conceptCode>PV</conceptCode> 
			<parentConceptCode></parentConceptCode>
			<depthOfHierarchyTree>6</depthOfHierarchyTree>
		</XMLPermissibleValues>
	</XMLCDE>
	
	<XMLCDE cache="true" lazyLoading="false">
		<name>Background_Strain</name>
		<publicId>2004102</publicId>
		<XMLPermissibleValues>
			<evsTerminology>NCI-THESAURAUS</evsTerminology>
			<conceptCode>PV</conceptCode> 
			<parentConceptCode></parentConceptCode>
			<depthOfHierarchyTree>6</depthOfHierarchyTree>
		</XMLPermissibleValues>
	</XMLCDE>
	
	<XMLCDE cache="true" lazyLoading="false">
		<name>Strain</name>
		<publicId>2004103</publicId>
		<XMLPermissibleValues>
			<evsTerminology>NCI-THESAURAUS</evsTerminology>
			<conceptCode>PV</conceptCode> 
			<parentConceptCode></parentConceptCode>
			<depthOfHierarchyTree>6</depthOfHierarchyTree>
		</XMLPermissibleValues>
	</XMLCDE>
	
	<XMLCDE cache="true" lazyLoading="false">
		<name>Genus</name>
		<publicId>2004104</publicId>
		<XMLPermissibleValues>
			<evsTerminology>NCI-THESAURAUS</evsTerminology>
			<conceptCode>PV</conceptCode> 
			<parentConceptCode></parentConceptCode>
			<depthOfHierarchyTree>6</depthOfHierarchyTree>
		</XMLPermissibleValues>
	</XMLCDE>
	
	<XMLCDE cache="true" lazyLoading="false">
		<name>Species</name>
		<publicId>2004105</publicId>
		<XMLPermissibleValues>
			<evsTerminology>NCI-THESAURAUS</evsTerminology>
			<conceptCode>PV</conceptCode> 
			<parentConceptCode></parentConceptCode>
			<depthOfHierarchyTree>6</depthOfHierarchyTree>
		</XMLPermissibleValues>
	</XMLCDE>
	
			
	<XMLCDE cache="true" lazyLoading="false">
		<name>Histological Quality</name>
		<publicId>Hist_Quality</publicId>
		<XMLPermissibleValues>
			<evsTerminology>NCI-THESAURAUS</evsTerminology>
			<conceptCode>PV</conceptCode> 
			<parentConceptCode></parentConceptCode>
			<depthOfHierarchyTree>6</depthOfHierarchyTree> 
		</XMLPermissibleValues>
	</XMLCDE>
</XMLCDE_CACHE>